action/timestep,action/mean_token_entropy,action/cum_mean_token_entropy,action/max_token_entropy,action/cum_max_token_entropy,action/mean_token_prob,action/cum_mean_token_prob,action/max_token_prob,action/cum_max_token_prob,action/token_0_entropy,action/cum_token_0_entropy,action/token_0_prob,action/cum_token_0_prob,action/token_1_entropy,action/cum_token_1_entropy,action/token_1_prob,action/cum_token_1_prob,action/token_2_entropy,action/cum_token_2_entropy,action/token_2_prob,action/cum_token_2_prob,action/token_3_entropy,action/cum_token_3_entropy,action/token_3_prob,action/cum_token_3_prob,action/token_4_entropy,action/cum_token_4_entropy,action/token_4_prob,action/cum_token_4_prob,action/token_5_entropy,action/cum_token_5_entropy,action/token_5_prob,action/cum_token_5_prob,action/token_6_entropy,action/cum_token_6_entropy,action/token_6_prob,action/cum_token_6_prob,action/dx,action/dy,action/dz,action/droll,action/dpitch,action/dyaw,action/dgripper,action/dpos,action/drot,action/cum_dpos,action/cum_drot
0,0.9765198826789856,0.9765198826789856,2.528028726577759,2.528028726577759,0.7118037343025208,0.7118037343025208,0.9999979734420776,0.9999979734420776,2.528028726577759,2.528028726577759,0.3255466818809509,0.3255466818809509,1.557417392730713,1.557417392730713,0.5149571299552917,0.5149571299552917,0.05779232829809189,0.05779232829809189,0.9913982152938843,0.9913982152938843,1.0354565382003784,1.0354565382003784,0.595565140247345,0.595565140247345,0.21149395406246185,0.21149395406246185,0.9645751118659973,0.9645751118659973,1.4454201459884644,1.4454201459884644,0.5905860662460327,0.5905860662460327,3.027174352610018e-05,3.027174352610018e-05,0.9999979734420776,0.9999979734420776,0.0020279550902983536,-0.0017191617944661772,-0.019208488961791295,0.008801438395883376,0.050129119895836835,-0.01940828822523946,0.996078431372549,0.01939160043212208,0.05447086956531613,0.01939160043212208,0.05447086956531613
1,1.412148356437683,2.3886682391166687,2.645526885986328,5.173555612564087,0.5747160911560059,1.2865198254585266,0.9999982118606567,1.9999961853027344,2.645526885986328,5.173555612564087,0.42109596729278564,0.7466426491737366,1.0619032382965088,2.6193206310272217,0.5918777585029602,1.106834888458252,2.274094581604004,2.331886909902096,0.23264534771442413,1.2240435630083084,1.6351537704467773,2.6706103086471558,0.4380529820919037,1.0336181223392487,1.2818727493286133,1.4933667033910751,0.5591397881507874,1.5237149000167847,0.9864572286605835,2.431877374649048,0.7802023887634277,1.3707884550094604,2.995753675349988e-05,6.022928027960006e-05,0.9999982118606567,1.9999961853027344,-0.0035639009405585044,-0.00010036269180919988,0.004435611163430348,-0.012272171156079273,-0.006809380210497831,-0.006513903635389756,0.996078431372549,0.005690879455512031,0.015472710955303452,0.02508247988763411,0.06994358052061958
2,1.2837613821029663,3.672429621219635,2.7022457122802734,7.87580132484436,0.5795727968215942,1.8660926222801208,0.9999768733978271,2.9999730587005615,2.7022457122802734,7.87580132484436,0.30726438760757446,1.053907036781311,1.828521966934204,4.447842597961426,0.35506242513656616,1.4618973135948181,0.366685688495636,2.698572598397732,0.9290867447853088,2.1531303077936172,1.6812465190887451,4.351856827735901,0.5727871656417847,1.6064052879810333,0.827234148979187,2.320600852370262,0.5774848461151123,2.101199746131897,1.580082893371582,4.01196026802063,0.315346896648407,1.6861353516578674,0.0003124200156889856,0.00037264929596858565,0.9999768733978271,2.9999730587005615,0.0020279550902983536,0.00022339712872219974,-0.014011983439764557,-0.005247634638758394,0.04008114928883662,0.04345183665027799,0.996078431372549,0.014159738275887181,0.05934726873157978,0.03924221816352129,0.12929084925219936
3,1.2078640460968018,4.880293667316437,2.546999454498291,10.422800779342651,0.6281881332397461,2.494280755519867,0.9999991655349731,3.9999722242355347,2.546999454498291,10.422800779342651,0.26345258951187134,1.3173596262931824,1.5283617973327637,5.9762043952941895,0.39961865544319153,1.8615159690380096,1.2900538444519043,3.988626442849636,0.6588884592056274,2.8120187669992447,2.0639028549194336,6.4157596826553345,0.3157648742198944,1.9221701622009277,0.048027265816926956,2.368628118187189,0.9921161532402039,3.093315899372101,0.9776881337165833,4.989648401737213,0.7674769759178162,2.4536123275756836,1.4213106624083593e-05,0.00038686240259266924,0.9999991655349731,3.9999722242355347,0.0020279550902983536,-0.0033379608971231545,-0.025963946140426047,0.019018946057441033,0.007257778639302506,0.01927486554430974,0.996078431372549,0.026256067565077885,0.028034195220554954,0.06549828572859917,0.1573250444727543
4,0.6450913548469543,5.525385022163391,1.6648955345153809,12.087696313858032,0.8097842335700989,3.304064989089966,0.9987642765045166,4.998736500740051,1.6648955345153809,12.087696313858032,0.3952481746673584,1.7126078009605408,1.0117440223693848,6.987948417663574,0.7324211001396179,2.5939370691776276,0.5807917714118958,4.569418214261532,0.8497301340103149,3.6617489010095596,0.11613412946462631,6.531893812119961,0.9778010249137878,2.8999711871147156,0.7554570436477661,3.124085161834955,0.8171253204345703,3.910441219806671,0.3738018572330475,5.363450258970261,0.8973997831344604,3.351012110710144,0.012815171852707863,0.013202034255300532,0.9987642765045166,4.998736500740051,-0.004905946387964152,-0.006899318922968509,-0.023885343931615354,-0.011633576927231923,0.06955519640270395,0.03700464435535311,0.996078431372549,0.025341242398390106,0.0796404995125389,0.09083952812698928,0.2369655439852932
5,0.7472239136695862,6.272608935832977,2.102471351623535,14.190167665481567,0.7777773141860962,4.081842303276062,0.9976000189781189,5.99633651971817,0.08599495142698288,12.173691265285015,0.9887197613716125,2.7013275623321533,0.019954252988100052,7.007902670651674,0.9972822666168213,3.591219335794449,0.6784722208976746,5.247890435159206,0.7568376064300537,4.418586507439613,2.0120186805725098,8.54391249269247,0.4120740592479706,3.312045246362686,2.102471351623535,5.22655651345849,0.3633500337600708,4.273791253566742,0.30857548117637634,5.672025740146637,0.9285769462585449,4.279589056968689,0.023079894483089447,0.03628192873838998,0.9976000189781189,5.99633651971817,-0.004905946387964152,-0.0007478823328719852,-0.016610236200777926,0.009440032624730726,0.041420878703103306,0.027333855912965777,0.996078431372549,0.01733573144090073,0.05051676046188979,0.10817525956789001,0.287482304447183
6,1.2092173099517822,7.4818262457847595,2.5992889404296875,16.789456605911255,0.6252142190933228,4.707056522369385,0.9609464406967163,6.9572829604148865,1.062180757522583,13.235872022807598,0.769544243812561,3.4708718061447144,1.0368400812149048,8.044742751866579,0.5407258868217468,4.131945222616196,0.24224379658699036,5.490134231746197,0.9609464406967163,5.37953294813633,1.4484525918960571,9.992365084588528,0.6470887064933777,3.959133952856064,1.3014074563980103,6.527963969856501,0.4083954691886902,4.682186722755432,0.7741068601608276,6.446132600307465,0.7691619396209717,5.048750996589661,2.5992889404296875,2.6355708691680775,0.2806367576122284,6.276973277330399,-0.004234923664261325,-0.0007478823328719852,-0.025963946140426047,0.017103163370898955,0.04677979636017009,0.007992279028191218,0.996078431372549,0.026317682375332507,0.05044545637473317,0.1344929419432225,0.33792776082191617
7,0.9564753174781799,8.43830156326294,2.0782711505889893,18.867727756500244,0.7140485644340515,5.421105086803436,0.9372151494026184,7.894498109817505,0.5158465504646301,13.751718573272228,0.8392770886421204,4.310148894786835,1.0083434581756592,9.053086210042238,0.757407009601593,4.889352232217789,1.1109285354614258,6.6010627672076225,0.6446418762207031,6.024174824357033,0.371474951505661,10.363840036094189,0.9372151494026184,4.896349102258682,2.0782711505889893,8.60623512044549,0.30876561999320984,4.990952342748642,0.656751275062561,7.102883875370026,0.8331325054168701,5.881883502006531,0.9537110328674316,3.589281902035509,0.6779001951217651,6.954873472452164,0.005606742950046744,0.0005471569492535924,-0.01063425485044718,-0.0007774750368269162,-0.06307801560969914,0.04506363472400918,0.996078431372549,0.012034214700564169,0.07752529713086731,0.14652715664378668,0.4154530579527835
8,1.216261863708496,9.654563426971436,1.988504409790039,20.856232166290283,0.6164939403533936,6.03759902715683,0.9951139688491821,8.889612078666687,1.1923264265060425,14.94404499977827,0.6682348847389221,4.978383779525757,1.5941004753112793,10.647186685353518,0.525454044342041,5.41480627655983,0.03500126674771309,6.636064033955336,0.9951139688491821,7.019288793206215,1.988504409790039,12.352344445884228,0.38224974274635315,5.278598845005035,1.7463510036468506,10.35258612409234,0.25378096103668213,5.244733303785324,0.604158878326416,7.707042753696442,0.8744959831237793,6.75637948513031,1.3533904552459717,4.942672357281481,0.6161277294158936,7.571001201868057,0.007396136879920936,-0.009489397487219678,-0.005177924052319111,-0.06782986906579899,-0.030254644960165042,-0.02907907666762677,0.996078431372549,0.013098183191136184,0.07976106430452637,0.15962533983492286,0.4952141222573099
9,1.2078585624694824,10.862421989440918,2.1872944831848145,23.043526649475098,0.6212269067764282,6.658825933933258,0.9834116697311401,9.873023748397827,1.1100772619247437,16.054122261703014,0.6044213771820068,5.582805156707764,1.53676438331604,12.183951068669558,0.46397507190704346,5.878781348466873,0.8093764185905457,7.445440452545881,0.7861495018005371,7.805438295006752,0.11565788090229034,12.468002326786518,0.9834116697311401,6.2620105147361755,1.9738144874572754,12.326400611549616,0.32457178831100464,5.569305092096329,0.7220244407653809,8.429067194461823,0.767163872718811,7.523543357849121,2.1872944831848145,7.129966840466295,0.4188944697380066,7.989895671606064,0.009185530809795135,-0.005928039461374324,-0.008555652641636487,-0.04037031722536281,-0.05035058617416551,0.06762880775624616,0.996078431372549,0.013882176350905799,0.09348047753135301,0.17350751618582866,0.5886945997886629
10,1.459407091140747,12.321829080581665,2.6512367725372314,25.69476342201233,0.56517493724823,7.224000871181488,0.8735547065734863,10.746578454971313,2.065997362136841,18.120119623839855,0.33533817529678345,5.918143332004547,0.9378530979156494,13.121804166585207,0.7074404358863831,6.586221784353256,0.9014207720756531,8.346861224621534,0.6343675851821899,8.439805880188942,1.099829912185669,13.567832238972187,0.7597318291664124,7.021742343902588,0.5893455147743225,12.915746126323938,0.8735547065734863,6.442859798669815,1.9701653718948364,10.399232566356659,0.40725281834602356,7.930796176195145,2.6512367725372314,9.781203613003527,0.23853909969329834,8.228434771299362,1.4886919189882608e-05,-0.004956759999780139,-0.005437749328420446,-0.03845453453882076,0.017305749246302723,-0.03713806703628286,0.996078431372549,0.007357907927836579,0.056191424672851153,0.18086542411366524,0.644886024461514
11,1.2043373584747314,13.526166439056396,2.1758360862731934,27.870599508285522,0.6528338193893433,7.876834690570831,0.9912860989570618,11.737864553928375,2.1758360862731934,20.29595571011305,0.34544646739959717,6.263589799404144,0.5974426865577698,13.719246853142977,0.7297492027282715,7.315970987081528,0.05959650129079819,8.406457725912333,0.9912860989570618,9.431091979146004,1.0931029319763184,14.660935170948505,0.7153024673461914,7.737044811248779,1.5304101705551147,14.446156296879053,0.6092835068702698,7.052143305540085,1.7345993518829346,12.133831918239594,0.45141810178756714,8.382214277982712,1.2393732070922852,11.020576820095812,0.727350652217865,8.955785423517227,0.010527576257200782,-0.00042412251234059256,-0.00699670098502847,-0.0014160692656742802,-0.05035058617416551,0.07085240390370864,0.996078431372549,0.01264767039539496,0.08693244457152648,0.1935130945090602,0.7318184690330405
12,1.2122855186462402,14.738451957702637,3.329925060272217,31.20052456855774,0.6515963673591614,8.528431057929993,0.9978867173194885,12.735751271247864,1.3646167516708374,21.660572461783886,0.5127192139625549,6.776309013366699,0.3134751617908478,14.032722014933825,0.9438831806182861,8.259854167699814,1.806462049484253,10.212919775396585,0.3886891007423401,9.819781079888344,0.020373990759253502,14.681309161707759,0.9978867173194885,8.734931528568268,0.8463765382766724,15.292532835155725,0.7353932857513428,7.787536591291428,0.8047691583633423,12.938601076602936,0.767254114151001,9.149468392133713,3.329925060272217,14.350501880368029,0.21534907817840576,9.171134501695633,0.0018042808490640778,0.003784755154567561,-0.007776176813332477,-0.0020546634945216302,0.021994802196236188,0.05312262509266527,0.996078431372549,0.00883451904715445,0.05753265387988934,0.20234761355621467,0.7893511229129299
13,0.5805637836456299,15.319015741348267,1.5427775382995605,32.7433021068573,0.8140701651573181,9.34250122308731,0.9998477697372437,13.735599040985107,0.7375589609146118,22.398131422698498,0.7811364531517029,7.557445466518402,0.2552212178707123,14.287943232804537,0.9591432213783264,9.21899738907814,1.0033957958221436,11.216315571218729,0.6471785306930542,10.466959610581398,0.42552366852760315,15.106832830235362,0.919306755065918,9.654238283634186,1.5427775382995605,16.835310373455286,0.40528765320777893,8.192824244499207,0.0017734139692038298,12.94037449057214,0.9998477697372437,10.149316161870956,0.09769566357135773,14.448197543939386,0.9865905046463013,10.157725006341934,0.0018042808490640778,0.003784755154567561,-0.007776176813332477,-0.0020546634945216302,-0.002120327260564381,0.033781048207890685,0.996078431372549,0.00883451904715445,0.03390983113776072,0.21118213260336913,0.8232609540506906
14,0.9243073463439941,16.24332308769226,1.7016730308532715,34.44497513771057,0.669338583946228,10.011839807033539,0.9967626333236694,14.732361674308777,1.6177306175231934,24.01586204022169,0.3539089560508728,7.911354422569275,0.6052161455154419,14.893159378319979,0.841390073299408,10.060387462377548,1.3951506614685059,12.611466232687235,0.5577741265296936,11.024733737111092,0.24515637755393982,15.351989207789302,0.9567398428916931,10.610978126525879,1.7016730308532715,18.536983404308558,0.37202486395835876,8.564849108457565,0.8725966215133667,13.812971112085506,0.6067694425582886,10.756085604429245,0.032627418637275696,14.480824962576662,0.9967626333236694,11.154487639665604,-0.00020878732204438963,0.0011946765903163847,-0.007776176813332477,-0.008440605782995159,0.020655072781969472,0.004768682880728764,0.996078431372549,0.007870182344361919,0.022817015449645095,0.21905231494773106,0.8460779695003356
15,1.1114606857299805,17.35478377342224,2.08050274848938,36.52547788619995,0.6159952282905579,10.627835035324097,0.9926649928092957,15.725026667118073,2.08050274848938,26.09636478871107,0.3735302686691284,8.284884691238403,1.4270249605178833,16.320184338837862,0.49666470289230347,10.557052165269852,1.936542272567749,14.548008505254984,0.36826300621032715,11.392996743321419,0.8902031183242798,16.24219232611358,0.6713576316833496,11.282335758209229,0.05411694943904877,18.591100353747606,0.9926649928092957,9.557514101266861,0.4966250956058502,14.309596207691357,0.8774911165237427,11.633576720952988,0.8952101469039917,15.376035109480654,0.5319947004318237,11.686482340097427,1.4886919189882608e-05,0.0034609953340361613,-0.009594953746041836,0.022211917201677783,0.020655072781969472,0.024110259765503378,0.996078431372549,0.010200090573679496,0.03874668919227418,0.22925240552141055,0.8848246586926098
16,0.8584434390068054,18.213227212429047,1.7207694053649902,38.24624729156494,0.7260227799415588,11.353857815265656,0.9999957084655762,16.72502237558365,1.7207694053649902,27.81713419407606,0.3763166069984436,8.661201298236847,0.6964524388313293,17.01663677766919,0.772826611995697,11.329878777265549,1.6168392896652222,16.164847794920206,0.38719817996025085,11.78019492328167,0.8485404253005981,17.09073275141418,0.8053767681121826,12.087712526321411,1.0930646657943726,19.68416501954198,0.744614839553833,10.302128940820694,6.586221570614725e-05,14.309662069907063,0.9999957084655762,12.633572429418564,0.03337148576974869,15.409406595250402,0.9958301186561584,12.682312458753586,-0.00893208273018109,0.004432274795630346,-0.015051284544169907,0.033068019092082776,0.020655072781969472,0.011215875175653645,0.996078431372549,0.018054592994369806,0.04056996147716498,0.24730699851578036,0.9253946201697748
17,1.0640878677368164,19.277315080165863,1.9250530004501343,40.171300292015076,0.6477333307266235,12.001591145992279,0.9622461795806885,17.687268555164337,1.0463279485702515,28.863462142646313,0.7644843459129333,9.42568564414978,0.24143928289413452,17.258076060563326,0.9622461795806885,12.292124956846237,1.3502228260040283,17.515070620924234,0.404161661863327,12.184356585144997,1.7647976875305176,18.855530438944697,0.4927082359790802,12.580420762300491,1.9250530004501343,21.609218019992113,0.24581001698970795,10.547938957810402,0.3914611339569092,14.701123203863972,0.886264979839325,13.519837409257889,0.7293133735656738,16.138719968816076,0.7784576416015625,13.460770100355148,-0.006695340317838347,0.0021659560519105767,-0.007776176813332477,-0.01674233075801075,0.0126166962963693,0.009604077101922431,0.996078431372549,0.010487510353877577,0.02305916220562062,0.25779450886965793,0.9484537823753955
18,0.6623369455337524,19.939652025699615,1.4782960414886475,41.64959633350372,0.8258152604103088,12.827406406402588,0.9993166923522949,18.686585247516632,0.6855491399765015,29.549011282622814,0.8789677619934082,10.304653406143188,0.2752951681613922,17.533371228724718,0.9405112862586975,13.232636243104935,0.2968701124191284,17.811940733343363,0.9458211660385132,13.13017775118351,0.8158988356590271,19.671429274603724,0.806321918964386,13.386742681264877,1.4782960414886475,23.08751406148076,0.4714440703392029,11.019383028149605,1.0781289339065552,15.779252137770527,0.7383232712745667,14.258160680532455,0.006320061162114143,16.14504002997819,0.9993166923522949,14.460086792707443,-0.0035639009405585044,0.0021659560519105767,-0.0025796712913057455,0.010717221082425427,0.008597508053569194,0.011215875175653645,0.0,0.004903820908649591,0.017736172879643873,0.26269832977830754,0.9661899552550394
19,0.8206538558006287,20.760305881500244,2.188699722290039,43.83829605579376,0.7377222776412964,13.565128684043884,1.0,19.686585247516632,0.8943886756896973,30.44339995831251,0.7520138621330261,11.056667268276215,0.8258599638938904,18.35923119261861,0.7994664311408997,14.032102674245834,0.5700267553329468,18.38196748867631,0.8291986584663391,13.959376409649849,1.0809358358383179,20.752365110442042,0.5649374127388,13.951680094003677,2.188699722290039,25.2762137837708,0.24878622591495514,11.26816925406456,0.18466512858867645,15.963917266359203,0.9696530103683472,15.227813690900803,7.160185759857995e-07,16.145040745996766,1.0,15.460086792707443,0.0038173490201725453,0.0005471569492535924,0.0002784067458089616,0.005608467251646612,-0.0007805978462976926,0.016051269396847284,0.0,0.003866399434233448,0.017020795726422525,0.266564729212541,0.9832107509814619
20,0.8204878568649292,21.580793738365173,2.223623752593994,46.061919808387756,0.7791178822517395,14.344246566295624,1.0,20.686585247516632,0.28971976041793823,30.73311971873045,0.9423524141311646,11.99901968240738,0.4218345880508423,18.78106578066945,0.9100289940834045,14.942131668329239,1.0156269073486328,19.397594396024942,0.7560781240463257,14.715454533696175,2.223623752593994,22.975988863036036,0.4190334975719452,14.370713591575623,0.17337606847286224,25.449589852243662,0.9710133075714111,12.239182561635971,1.6192333698272705,17.583150636186474,0.45531901717185974,15.683132708072662,1.4291595462623263e-08,16.14504076028836,1.0,16.460086792707443,-0.00378757518179278,-0.002690441256060362,0.033276216810678716,-0.05250360757346252,-0.04432180380996537,-0.06776223043717594,0.0,0.03359897029882525,0.09650269931467277,0.30016369951136623,1.0797134502961347
21,0.8850204348564148,22.465814173221588,1.7831709384918213,47.84509074687958,0.7595356702804565,15.10378223657608,1.0,21.686585247516632,1.7037489414215088,32.43686866015196,0.5055750012397766,12.504594683647156,1.7831709384918213,20.564236719161272,0.43260976672172546,15.374741435050964,0.8114739656448364,20.20906836166978,0.8223600387573242,15.537814572453499,0.6247798204421997,23.600768683478236,0.8289895057678223,15.199703097343445,0.8705143332481384,26.3201041854918,0.7941954135894775,13.033377975225449,0.401454895734787,17.98460553192126,0.9330199360847473,16.61615264415741,4.277425347254393e-08,16.145040803062614,1.0,17.460086792707443,0.00717246263868666,-0.002042921614997577,0.0005382320219102961,-0.021212490359942215,-0.034943697910098485,-0.021020086298970675,0.0,0.007477127973880744,0.04596602874862083,0.30764082748524696,1.1256794790447555
22,0.9059891700744629,23.37180334329605,1.6127567291259766,49.457847476005554,0.6706414818763733,15.774423718452454,1.0,22.686585247516632,1.2364383935928345,33.67330705374479,0.4746071398258209,12.979201823472977,0.841005265712738,21.40524198487401,0.4859628975391388,15.860704332590103,0.6099854707717896,20.81905383244157,0.8699843883514404,16.40779896080494,1.0994007587432861,24.700169442221522,0.6132218837738037,15.812924981117249,0.94233638048172,27.26244056597352,0.7923255562782288,13.825703531503677,1.6127567291259766,19.597362261047238,0.4583880603313446,17.074540704488754,3.386134892480186e-07,16.145041141676103,1.0,18.460086792707443,-0.0053532948704327,0.0070223533598815155,0.010411592513761097,0.026043482574761898,-0.01618748611036472,-0.03713806703628286,0.0,0.013651830329792645,0.04816153770787034,0.32129265781503963,1.1738410167526259
23,0.8942314386367798,24.26603478193283,2.0686447620391846,51.52649223804474,0.7139596343040466,16.4883833527565,1.0,23.686585247516632,1.0460805892944336,34.71938764303923,0.7604847550392151,13.739686578512192,0.9391747713088989,22.34441675618291,0.7694991230964661,16.63020345568657,2.0686447620391846,22.887698594480753,0.20063786208629608,16.608436822891235,0.45824772119522095,25.158417163416743,0.8847718834877014,16.69769686460495,0.42132142186164856,27.68376198783517,0.9279350638389587,14.753638595342636,1.3261505365371704,20.923512797584408,0.4543888568878174,17.52892956137657,1.3807605725446592e-08,16.14504115548371,1.0,19.460086792707443,0.0015806066078298056,0.0086411524625385,0.033276216810678716,-0.0007774750368269162,-0.07714517445949948,0.011215875175653645,0.0,0.034416194420081474,0.07796010688663364,0.3557088522351211,1.2518011236392594
24,0.8152826428413391,25.08131742477417,1.5515193939208984,53.07801163196564,0.7921233773231506,17.28050673007965,1.0,24.686585247516632,1.5515193939208984,36.270907036960125,0.5921610593795776,14.33184763789177,1.37936270236969,23.7237794585526,0.6091136932373047,17.239317148923874,0.917242169380188,23.80494076386094,0.8146587610244751,17.42309558391571,0.4018160104751587,25.560233173891902,0.9249438643455505,17.6226407289505,0.0779968872666359,27.761758875101805,0.9898474812507629,15.743486076593399,1.3790411949157715,22.30255399250018,0.6141383051872253,18.143067866563797,1.0520288640236686e-07,16.145041260686597,1.0,20.460086792707443,-0.006247991835369799,0.0021659560519105767,0.008332990304950393,0.04009255560940367,-0.03628342732436519,0.007992279028191218,0.0,0.010638021198326922,0.0546605583374345,0.366346873433448,1.3064616819766939
25,0.5456294417381287,25.6269468665123,1.5562719106674194,54.63428354263306,0.8415578007698059,18.122064530849457,1.0,25.686585247516632,0.30470022559165955,36.575607262551785,0.939670979976654,15.271518617868423,0.30459290742874146,24.02837236598134,0.9467422962188721,18.186059445142746,0.5737089514732361,24.378649715334177,0.8646632432937622,18.287758827209473,1.5562719106674194,27.11650508455932,0.5563603043556213,18.179001033306122,0.9047805070877075,28.666539382189512,0.6226217746734619,16.36610785126686,0.17535141110420227,22.47790540360438,0.9608457684516907,19.103913635015488,2.1163569385862502e-07,16.14504147232229,1.0,21.460086792707443,0.0018042808490640778,0.0011946765903163847,0.02158407938611857,0.001776901878562484,-0.03360396849583179,0.009604077101922431,0.0,0.02169228352396349,0.03499460495468645,0.38803915695741154,1.3414562869313804
26,0.9483700394630432,26.575316905975342,1.7793916463851929,56.41367518901825,0.6942964196205139,18.81636095046997,0.9999997615814209,26.686585009098053,1.076575756072998,37.65218301862478,0.6915726065635681,15.963091224431992,1.7793916463851929,25.807764012366533,0.32250019907951355,18.50855964422226,1.318642258644104,25.69729197397828,0.516677737236023,18.804436564445496,1.2055537700653076,28.32205885462463,0.6360360383987427,18.815037071704865,0.7138665914535522,29.380405973643064,0.7884318232536316,17.154539674520493,0.544553816318512,23.022459219922894,0.9048563241958618,20.00876995921135,5.9054432313132565e-06,16.145047377765522,0.9999997615814209,22.460086554288864,0.012764318669543518,0.004432274795630346,0.01171071889426777,-0.011633576927231923,-0.034273833202965134,-0.07259762465836961,0.0,0.01788054327983905,0.08111997818407013,0.4059197002372506,1.4225762651154505
27,1.0752204656600952,27.650537371635437,2.088991641998291,58.50266683101654,0.6568220853805542,19.473183035850525,1.0,27.686585009098053,1.7374773025512695,39.38966032117605,0.41721200942993164,16.380303233861923,1.4016120433807373,27.20937605574727,0.5324177145957947,19.040977358818054,0.7936791181564331,26.490971092134714,0.7702542543411255,19.57469081878662,2.088991641998291,30.41105049662292,0.27475109696388245,19.089788168668747,0.5803636312484741,29.96076960489154,0.8514072299003601,18.005946904420853,0.9244192838668823,23.946878503789776,0.7517123818397522,20.7604823410511,2.2641549435320485e-07,16.145047604181016,1.0,23.460086554288864,-0.002445529734387133,-0.0033379608971231545,0.0002784067458089616,-0.029514215334957808,0.02735371985330297,-0.006513903635389756,0.0,0.004147301405565642,0.04076451688935346,0.41006700164281623,1.463340782004804
28,0.6364374160766602,28.286974787712097,2.1545252799987793,60.65719211101532,0.842974841594696,20.31615787744522,0.9999998807907104,28.686584889888763,2.1545252799987793,41.54418560117483,0.47687092423439026,16.857174158096313,1.1177096366882324,28.327085692435503,0.7354156374931335,19.776392996311188,0.002162351505830884,26.493133443640545,0.9998095631599426,20.574500381946564,0.7089143991470337,31.119964895769954,0.8209311962127686,19.910719364881516,0.0027197811286896467,29.96348938602023,0.9997385144233704,19.005685418844223,0.4690284729003906,24.415906976690167,0.8680576682090759,21.628540009260178,1.676374608905462e-06,16.145049280555625,0.9999998807907104,24.460086435079575,1.4886919189882608e-05,0.0021659560519105767,0.0002784067458089616,0.010078626853578077,-0.006139515503364487,0.0063804809544599494,0.0,0.0021838263564860085,0.01341577083435552,0.41225082799930224,1.4767565528391595
29,1.1192930936813354,29.406267881393433,2.117140293121338,62.77433240413666,0.5994954109191895,20.91565328836441,1.0,29.686584889888763,1.293465256690979,42.83765085786581,0.44098809361457825,17.29816225171089,1.058384895324707,29.38547058776021,0.5846962332725525,20.36108922958374,2.117140293121338,28.610273736761883,0.37243035435676575,20.94693073630333,0.5501317977905273,31.67009669356048,0.8555266261100769,20.766245990991592,2.018118381500244,31.981607767520472,0.3368777930736542,19.342563211917877,0.7978107333183289,25.213717710008495,0.6059487462043762,22.234488755464554,1.3586329838943811e-09,16.145049281914257,1.0,25.460086435079575,0.0018042808490640778,0.01025995156519547,-0.00621722515672446,0.018380351828593683,0.0005591315679690234,0.011215875175653645,0.0,0.012131608473399719,0.02153940151000093,0.42438243647270196,1.4982959543491605
30,0.9776359796524048,30.383903861045837,2.3759396076202393,65.1502720117569,0.6617954969406128,21.577448785305023,1.0,30.686584889888763,0.7533594965934753,43.591010354459286,0.803256630897522,18.101418882608414,0.9505678415298462,30.336038429290056,0.616151750087738,20.97724097967148,2.3759396076202393,30.986213344382122,0.2978505790233612,21.24478131532669,0.6136141419410706,32.28371083550155,0.7853962182998657,21.551642209291458,1.4313373565673828,33.412945124087855,0.5407628417015076,19.883326053619385,0.7186318039894104,25.932349513997906,0.5891503691673279,22.82363912463188,1.1620988971117185e-06,16.145050444013155,1.0,26.460086435079575,-0.008484734247712542,0.0008709167697849851,-0.013492332887561886,0.04967146904211396,0.07759357288830414,-0.03713806703628286,0.0,0.015962213443723363,0.09933404961827386,0.4403446499164253,1.5976300039674345
31,0.7570542097091675,31.140958070755005,1.9228034019470215,67.07307541370392,0.7879350185394287,22.365383803844452,1.0,31.686584889888763,0.12269646674394608,43.71370682120323,0.981672465801239,19.083091348409653,0.8993197083473206,31.235358137637377,0.6678264141082764,21.645067393779755,1.9228034019470215,32.909016746329144,0.5121424794197083,21.7569237947464,0.12388908863067627,32.40759992413223,0.9828975796699524,22.53453978896141,0.8798332810401917,34.29277840512805,0.7927320599555969,20.67605811357498,1.350836992263794,27.2831865062617,0.5782737135887146,23.401912838220596,6.030411725532758e-08,16.145050504317272,1.0,27.460086435079575,-0.008484734247712542,0.0008709167697849851,0.016387573864091832,0.006885655709341312,-0.010828568453297924,-0.016184692077777035,0.0,0.01847435488522575,0.020654646134654602,0.45881900480165105,1.618284650102089
32,0.822254478931427,31.963212549686432,1.6820333003997803,68.7551087141037,0.7442143559455872,23.10959815979004,1.0,32.68658488988876,1.0029001235961914,44.71660694479942,0.5833233594894409,19.666414707899094,1.1216962337493896,32.357054371386766,0.7211104035377502,22.366177797317505,0.19566652178764343,33.10468326811679,0.9703303575515747,22.727254152297974,1.592984914779663,34.00058483891189,0.5017985105514526,23.036338299512863,1.6820333003997803,35.97481170552783,0.46763017773628235,21.143688291311264,0.16049985587596893,27.44368636213767,0.9653072953224182,24.367220133543015,1.0579587694792281e-07,16.14505061011315,1.0,28.460086435079575,-0.025036628099048844,-0.0078705983845627,0.0002784067458089616,0.002415496107409834,0.017975613953436095,-0.04842065355240138,0.0,0.026246077341524298,0.05170606356018179,0.48506508214317534,1.669990713662271
33,1.6307570934295654,33.593969643116,2.7692813873291016,71.5243901014328,0.5153700709342957,23.624968230724335,1.0,33.68658488988876,0.4257201850414276,45.14232712984085,0.9110592603683472,20.57747396826744,2.4326295852661133,34.78968395665288,0.33158987760543823,22.697767674922943,2.7692813873291016,35.87396465544589,0.20872612297534943,22.935980275273323,2.5963821411132812,36.59696698002517,0.21571916341781616,23.25205746293068,1.5145941972732544,37.48940590280108,0.4713498651981354,21.6150381565094,1.6766917705535889,29.120378132691258,0.46914589405059814,24.836366027593613,6.112032657767941e-09,16.14505061622518,1.0,29.460086435079575,-0.02861541595879723,-0.015317074256784809,-0.00621722515672446,0.05286444018635071,0.07223465523123736,-0.08710380732195055,0.0,0.033047067690375416,0.1248982293812505,0.5181121498335508,1.7948889430435213
34,0.3780568242073059,33.9720264673233,0.9291570782661438,72.45354717969894,0.9064949154853821,24.531463146209717,1.0,34.68658488988876,0.2791951298713684,45.42152225971222,0.9572221040725708,21.53469607234001,0.9291570782661438,35.71884103491902,0.7723547220230103,23.470122396945953,0.5889509320259094,36.4629155874718,0.8176388740539551,23.753619149327278,0.45173752307891846,37.04870450310409,0.877282440662384,24.129339903593063,0.35928279161453247,37.848688694415614,0.9265223145484924,22.541560471057892,0.03807399049401283,29.15845212318527,0.9944438338279724,25.830809861421585,4.361493921578585e-08,16.14505065984012,1.0,30.460086435079575,0.00717246263868666,-0.0013954019739347845,-0.004918098776217777,-0.005247634638758394,-0.004799786089097785,-0.014572894004045822,0.0,0.008807897736966063,0.01621557447197441,0.5269200475705169,1.8111045175154956
35,1.4697707891464233,35.44179725646973,2.0718650817871094,74.52541226148605,0.5457790493965149,25.07724219560623,1.0,35.68658488988876,1.9707823991775513,47.39230465888977,0.5159655213356018,22.050661593675613,1.628591537475586,37.34743257239461,0.4045519232749939,23.874674320220947,1.5904245376586914,38.05334012513049,0.5512434840202332,24.30486263334751,2.0718650817871094,39.1205695848912,0.47985324263572693,24.60919314622879,1.612045407295227,39.46073410171084,0.36190035939216614,22.903460830450058,1.4146846532821655,30.573136776467436,0.5069385766983032,26.33774843811989,1.5960258679115213e-06,16.145052255865988,1.0,31.460086435079575,0.003146326296469725,0.0024897158724419693,-0.014791459268068569,-0.03845453453882076,0.07759357288830414,0.003156884806997551,0.0,0.015325968862302896,0.08665725417906212,0.5422460164328198,1.8977617716945576
36,0.896510660648346,36.33830791711807,1.7835688591003418,76.3089811205864,0.7072184681892395,25.78446066379547,1.0,36.68658488988876,0.670921802520752,48.06322646141052,0.8592336773872375,22.90989527106285,1.1386462450027466,38.486078817397356,0.6192423105239868,24.493916630744934,1.578940987586975,39.632281112717465,0.4194691479206085,24.72433178126812,0.3519561290740967,39.4725257139653,0.9219456911087036,25.531138837337494,1.7835688591003418,41.24430296081118,0.34436964988708496,23.247830480337143,0.751539945602417,31.324676722069853,0.7862684726715088,27.124016910791397,7.881472363635567e-09,16.14505226374746,1.0,32.460086435079575,0.019698220147806023,-0.006251799281905716,0.01197054417036911,-0.028237026877263108,-0.047671127345632114,-0.011349297856583396,0.0,0.0238830232380121,0.05655680888370737,0.5661290396708318,1.954318580578265
37,0.8943688869476318,37.232676804065704,1.3854296207427979,77.6944107413292,0.6798951029777527,26.464355766773224,0.9999974966049194,37.68658238649368,0.7254930138587952,48.78871947526932,0.8364261984825134,23.746321469545364,1.1309218406677246,39.61700065806508,0.5974591374397278,25.091375768184662,0.842441737651825,40.47472285036929,0.735919177532196,25.460250958800316,1.0491397380828857,40.52166545204818,0.6199244856834412,26.151063323020935,1.3854296207427979,42.62973258155398,0.4974161386489868,23.74524661898613,1.1271188259124756,32.45179554798233,0.47212284803390503,27.596139758825302,3.692958125611767e-05,16.145089193328715,0.9999974966049194,33.460083931684494,-0.0017745070106843092,0.001842196231379177,1.8581469707623643e-05,0.01263300376896749,0.003908455103635758,0.014439471323116071,0.0,0.002557910740602944,0.01957976347188532,0.5686869504114348,1.9738983440501503
38,1.0961211919784546,38.32879799604416,2.591024875640869,80.28543561697006,0.6866787075996399,27.151034474372864,1.0,38.68658238649368,1.0692086219787598,49.85792809724808,0.6495046615600586,24.395826131105423,0.5959445834159851,40.212945241481066,0.8637309074401855,25.955106675624847,2.591024875640869,43.06574772601016,0.28263765573501587,25.74288861453533,0.08364886790513992,40.60531431995332,0.9887354969978333,27.13979882001877,1.3663263320922852,43.996058913646266,0.6077446937561035,24.352991312742233,1.9666943550109863,34.418489902993315,0.4143975079059601,28.010537266731262,7.116725555533776e-07,16.14508990500127,1.0,34.460083931684494,-0.00378757518179278,0.0024897158724419693,0.010931243065963766,0.006885655709341312,-0.03561356261723183,-0.016184692077777035,0.0,0.01183370127434367,0.039720049779570214,0.5805206516857785,2.0136183938297205
39,0.9526048898696899,39.28140288591385,1.8804165124893188,82.16585212945938,0.6550588011741638,27.806093275547028,1.0,39.68658238649368,1.6478610038757324,51.50578910112381,0.39621496200561523,24.792041093111038,0.6502398252487183,40.863185066729784,0.7018652558326721,26.65697193145752,0.991014838218689,44.05676256422885,0.7210031747817993,26.46389178931713,0.64467853307724,41.24999285303056,0.8550737500190735,27.994872570037842,1.8804165124893188,45.876475426135585,0.3096681833267212,24.662659496068954,0.8540232181549072,35.27251312114822,0.6015860438346863,28.61212331056595,1.526492496850551e-07,16.14509005765052,1.0,35.460083931684494,-0.00311655245808996,0.0008709167697849851,-0.005177924052319111,0.004969873022799262,0.009937237467835897,-0.003290307487927302,0.0,0.006105922758724029,0.011587685261518795,0.5866265744445025,2.025206079091239
40,1.1468018293380737,40.42820471525192,1.8708791732788086,84.03673130273819,0.6697555780410767,28.475848853588104,1.0,40.68658238649368,1.8708791732788086,53.37666827440262,0.5424770712852478,25.334518164396286,0.7763022184371948,41.63948728516698,0.7878533005714417,27.44482523202896,1.829289197921753,45.8860517621506,0.4048939645290375,26.86878575384617,1.3430912494659424,42.593084102496505,0.6926248073577881,28.68749737739563,1.0002069473266602,46.876682373462245,0.6678878664970398,25.330547362565994,1.2078430652618408,36.48035618641006,0.592551589012146,29.204674899578094,6.857072207822057e-07,16.14509074335774,1.0,36.460083931684494,-0.0011034842869814855,-0.00010036269180919988,-0.004138622947913766,-0.011633576927231923,-0.009488839039031222,-0.014572894004045822,0.0,0.0042843844536316605,0.02092241425083684,0.5909109588981342,2.046128493342076
41,1.0440062284469604,41.47221094369888,2.4486775398254395,86.48540884256363,0.6699152588844299,29.145764112472534,0.9999994039535522,41.686581790447235,2.448025703430176,55.824693977832794,0.27751654386520386,25.61203470826149,1.5241199731826782,43.16360725834966,0.37171244621276855,27.81653767824173,2.4486775398254395,48.33472930197604,0.20588697493076324,27.07467272877693,0.35106560587882996,42.944149708375335,0.9330693483352661,29.620566725730896,0.3322541415691376,47.20893651503138,0.9436227679252625,26.274170130491257,0.2038884460926056,36.68424463250267,0.9575991630554199,30.162274062633514,1.182711093861144e-05,16.14510257046868,0.9999994039535522,37.460083335638046,-0.004458597905495604,0.0021659560519105767,-0.005177924052319111,0.011994409540120127,0.009937237467835897,0.011215875175653645,0.0,0.007168079128558962,0.019194020023541966,0.5980790380266932,2.065322513365618
42,0.8213332295417786,42.29354417324066,2.6117281913757324,89.09713703393936,0.7689010500907898,29.914665162563324,1.0,42.686581790447235,2.6117281913757324,58.43642216920853,0.25797533988952637,25.870010048151016,0.511139452457428,43.674746710807085,0.9088869690895081,28.725424647331238,0.6714606881141663,49.006189990090206,0.8099859952926636,27.884658724069595,1.4470579624176025,44.39120767079294,0.49623221158981323,30.11679893732071,0.3340827226638794,47.54301923769526,0.9433333873748779,27.217503517866135,0.1738637387752533,36.85810837127792,0.9658933281898499,31.128167390823364,4.256847319084045e-09,16.145102574725527,1.0,38.460083335638046,0.016566780770526184,-0.004633000179248746,-0.004658273500116439,-0.03270718647919457,-0.052360180295565564,-0.008125701709120942,0.0,0.017821964755926383,0.062268575993309434,0.6159010027826195,2.1275910893589276
43,1.489274263381958,43.78281843662262,2.2213733196258545,91.31851035356522,0.5337884426116943,30.44845360517502,0.9999998807907104,43.686581671237946,1.907874584197998,60.344296753406525,0.366822212934494,26.23683226108551,2.032125949859619,45.706872660666704,0.35857143998146057,29.0839960873127,1.754361629486084,50.76055161957629,0.43560701608657837,28.320265740156174,1.968973159790039,46.360180830582976,0.40862077474594116,30.52541971206665,2.2213733196258545,49.764392557321116,0.2739908993244171,27.49149441719055,0.5402092337608337,37.398317605038756,0.8929064869880676,32.02107387781143,1.8582973098091315e-06,16.145104433022837,0.9999998807907104,39.46008321642876,0.008514508086092307,-0.004956759999780139,-0.00024124380639371432,-0.07677018826966192,-0.034273833202965134,-0.01779649015150825,0.0,0.0098551771276662,0.08593644460353676,0.6257561799102856,2.2135275339624645
44,1.092568039894104,44.875386476516724,2.7532615661621094,94.07177191972733,0.6454288363456726,31.09388244152069,1.0,44.686581671237946,2.7532615661621094,63.097558319568634,0.19884835183620453,26.435680612921715,1.1502805948257446,46.85715325549245,0.5371583104133606,29.62115439772606,0.4221130609512329,51.18266468052752,0.9098497033119202,29.230115443468094,0.9818128347396851,47.34199366532266,0.5996087789535522,31.125028491020203,1.6751630306243896,51.439555587945506,0.4414895176887512,27.932983934879303,0.6653428673744202,38.063660472413176,0.8310469388961792,32.85212081670761,1.7284975228903932e-06,16.14510616152036,1.0,40.46008321642876,0.00023856116042415831,0.0024897158724419693,0.0002784067458089616,0.010078626853578077,-0.0014504625534310367,-0.0016785094141960888,0.0,0.0025165664840938206,0.010319881526748051,0.6282727463943795,2.2238474154892125
45,1.23151433467865,46.10690081119537,2.0585553646087646,96.13032728433609,0.626299262046814,31.720181703567505,0.9999998807907104,45.686581552028656,2.0585553646087646,65.1561136841774,0.3711761236190796,26.806856736540794,1.3359781503677368,48.193131405860186,0.5446444153785706,30.16579881310463,2.008741617202759,53.19140629773028,0.2889101207256317,29.519025564193726,1.998931884765625,49.340925550088286,0.4769737422466278,31.60200223326683,0.7082045674324036,52.14776015537791,0.8745643496513367,28.80754828453064,0.5101857781410217,38.5738462505542,0.827826201915741,33.67994701862335,2.2073584204918006e-06,16.14510836887878,0.9999998807907104,41.46008309721947,-0.003340226699324232,0.0015184364108477844,-0.004918098776217777,0.029875047947846026,0.015296155124902691,0.0015450867332663376,0.0,0.0061359969939123625,0.03359878189018914,0.6344087433882918,2.2574461973794016
46,0.889214038848877,46.99611485004425,1.9280250072479248,98.05835229158401,0.6984137892723083,32.41859549283981,1.0,46.686581552028656,1.0286426544189453,66.18475633859634,0.6979246735572815,27.504781410098076,1.021431565284729,49.214562971144915,0.6768603324890137,30.842659145593643,1.9280250072479248,55.11943130497821,0.28389573097229004,29.802921295166016,0.41941505670547485,49.76034060679376,0.9162553548812866,32.51825758814812,1.8118896484375,53.95964980381541,0.315811425447464,29.123359709978104,0.015093703754246235,38.588939954308444,0.998149037361145,34.6780960559845,1.5115011464672534e-08,16.145108383993794,1.0,42.46008309721947,0.00717246263868666,-0.025353628693258082,0.0052150869917343586,-0.018019519215705465,-0.042312209688565326,-0.021020086298970675,0.0,0.02685978109647047,0.05056550394795324,0.6612685244847623,2.308011701327355
47,0.8673481941223145,47.863463044166565,2.0129523277282715,100.07130461931229,0.7144308686256409,33.133026361465454,1.0,47.686581552028656,0.2640734910964966,66.44882982969284,0.9425364136695862,28.447317823767662,0.6087403297424316,49.823303300887346,0.870475172996521,31.713134318590164,2.0129523277282715,57.13238363270648,0.3354463577270508,30.138367652893066,1.3677972555160522,51.12813786230981,0.5232740640640259,33.04153165221214,0.006533644162118435,53.96618344797753,0.9993658661842346,30.12272557616234,1.8113399744033813,40.400279928711825,0.32991787791252136,35.00801393389702,1.0715798914873176e-08,16.14510839470959,1.0,43.46008309721947,0.00717246263868666,-0.025353628693258082,-0.018169187857385943,-0.034622969165736636,0.04744966106730343,-0.021020086298970675,0.0,0.0320057822215914,0.062386411639632676,0.6932743067063537,2.3703981129669875
48,0.7633559703826904,48.626819014549255,1.488358736038208,101.5596633553505,0.7209407687187195,33.853967130184174,1.0,48.686581552028656,0.7783797383308411,67.22720956802368,0.7704839706420898,29.217801794409752,1.2203868627548218,51.04369016364217,0.4116228222846985,32.12475714087486,0.07456941902637482,57.20695305173285,0.9909293055534363,31.129296958446503,0.6912359595298767,51.81937382183969,0.7843276262283325,33.825859278440475,1.090559959411621,55.05674340738915,0.6035395264625549,30.726265102624893,1.488358736038208,41.88863866475003,0.4856816530227661,35.493695586919785,7.300071729332558e-07,16.145109124716765,1.0,44.46008309721947,0.00717246263868666,-0.002042921614997577,-0.014791459268068569,0.022850511430525133,0.0025687256893690558,0.014439471323116071,0.0,0.016565174804610783,0.027152210893311723,0.7098394815109645,2.3975503238602993
49,1.126265525817871,49.75308454036713,2.068615436553955,103.62827879190445,0.6241519451141357,34.47811907529831,1.0,49.686581552028656,1.4035818576812744,68.63079142570496,0.43430837988853455,29.652110174298286,2.068615436553955,53.11230560019612,0.42680951952934265,32.551566660404205,0.6681756377220154,57.87512868945487,0.8727697134017944,32.0020666718483,1.553157091140747,53.37253091298044,0.5160858035087585,34.341945081949234,0.8950777053833008,55.95182111277245,0.5083826184272766,31.23464772105217,1.2952505350112915,43.183889199761325,0.610707700252533,36.10440328717232,2.9343036089812813e-07,16.145109418147126,1.0,45.46008309721947,-0.002445529734387133,0.019648986360605955,0.005994562820038369,0.010717221082425427,-0.006139515503364487,0.04506363472400918,0.0,0.02068811407751893,0.04672562094701966,0.7305275955884835,2.444275944807319
